nomem_encr,new_child
712619,
706448,
729145,
729424,
715619,0
715353,
704754,
726292,
716711,1
729919,
733022,
703686,
731896,
732939,
720188,
709115,
732438,
702197,
717188,0
712090,0
725044,
714127,
711096,
717468,
729728,
713177,
722192,
707505,
708955,
730414,
729784,
708655,
700447,
728123,
704590,
709537,0
718518,
729238,
729244,
732667,
722252,
722802,
709280,
705789,
721872,
703956,
726005,
729625,
717799,
721798,
711733,
726424,
724669,
726010,
711144,
722333,
722145,
705342,
729288,
703973,
706624,
701934,0
722049,0
716629,
727505,1
728515,
716956,
709423,
720147,
712775,
728362,
717107,
733037,
718472,
707819,1
704281,0
716048,
730616,
710690,
718105,
721330,
718279,
700731,0
711549,
707429,
727882,
718277,
722984,
719861,
704544,
721002,
719895,1
719331,
703740,
723943,
722596,
728010,
708937,0
725455,
730602,
730975,0
702715,
711267,
707271,
716112,
708136,1
725799,
703975,
700785,
718401,
707403,
729981,
700035,
719208,
701045,
705213,1
708349,
714448,
720965,
720647,
720745,
718791,
729881,
725788,
717778,
732374,
706228,
707354,
719920,
717406,
711182,
701216,
711435,
719357,
716533,
718965,
706097,
715759,
724952,
707625,
703612,
714146,0
707153,
703127,
722339,
729014,1
727588,
706183,
709578,
718430,
726593,
730446,
712435,0
716867,
714023,
720171,
725289,0
715670,
731910,
700825,
717503,
721378,
721285,
724597,
727306,
717740,
702808,1
704612,
732113,0
730257,
732571,
730807,
715903,0
706259,
712237,
711308,
704221,
720152,
727845,
709005,
701471,
704688,
711448,
722042,
723889,
719967,
714615,
724480,
708827,
703283,1
730647,1
710601,
729739,
705439,
731322,
731904,0
717101,0
702551,
701492,0
727840,
703215,
710386,
730211,
706999,
730090,
713974,
702327,
711596,
703242,
704388,
720885,
701044,1
726264,
731999,
705971,
727521,
728683,0
705706,
720564,
725671,
720948,
700336,
709777,0
724248,
725153,
720937,
700768,
725359,0
700805,
702200,
704415,
731759,
725065,
730437,0
730428,
720690,
704277,
703066,
730815,
714474,0
721359,
704401,
727206,
713849,
725756,
710088,
728636,
725491,
719236,
704721,0
706900,
706672,
702895,
719575,
728377,
711363,
732604,
731462,
716252,
704084,
724688,
722664,
707571,1
703548,
725695,0
712576,
700356,
730572,
709294,
730675,
707565,0
704978,
711965,
712200,
710306,
703876,
724685,
706841,
726814,
721109,
724394,
711008,1
710712,
723014,
723349,
731653,
714722,0
705808,
700979,
714393,
708062,
700863,
733119,
726833,
732202,
717147,1
731898,
720409,
728941,
714273,
720799,
700209,
710521,1
727495,
718838,
719063,
730069,0
723964,
715462,
725171,
709475,
731872,
717669,
722863,
719275,
708556,
720571,
723931,
724505,
730165,
717043,
732523,
705474,
707527,
709453,
701538,
706508,
728086,
720388,
702453,
730281,
732646,
721928,
713125,
732725,
724308,
701596,0
714233,
723665,
713508,
712494,
732147,
718576,
709809,
723071,
725014,
716804,
710699,
731775,
705666,
712665,
720719,
712295,
711152,0
721243,0
717784,0
730218,
712928,
730254,
720254,
721538,
715591,
724694,
727089,
718587,
729111,
729775,
732923,
722707,
728924,
727962,
722494,
713434,
704839,
720270,
731371,
715176,
714427,
700227,
716689,
715998,
703374,
714935,
707916,
732420,
718448,
715520,
711201,
713257,
712247,
723147,0
719898,
729329,
704916,
730833,
728037,
715773,
710741,
728450,
704694,0
708523,
714326,
707466,
709760,
732067,
715400,
714354,0
715737,
716900,
710905,
722564,
706956,
725418,
700847,
705189,
712492,
710563,0
700419,
709114,
718756,
700451,
713034,
726144,
716418,
704458,0
729445,0
707003,
716700,
721578,
707293,
715014,
712271,
702946,
708489,
708104,
731185,
726754,
704822,
705107,
723140,
724038,
724396,
731579,
729002,
711510,
707355,
706486,
713770,
702609,
728595,
709374,
726557,
700935,1
715676,
709968,
711650,
704850,
730692,0
723594,
724522,
704864,0
720477,
730657,
700291,
720529,
702791,
712898,
706654,
712149,
731539,
732464,
711389,
729733,
721331,
708938,
722144,
726375,
732529,
705905,
727573,
729211,
723171,
730624,
727052,
708732,
716433,
715403,
732594,
705839,
728388,
705759,
712711,1
709834,
717264,
702775,
719986,
709565,
719697,
712801,
700638,
731035,
731362,
728500,
731998,
717060,
720977,
702611,
703923,
714434,
721971,
711944,
726859,
705520,
707147,
720094,
714361,
728303,
724968,
724442,0
702944,
725888,
725281,
719532,0
731888,
714946,
712560,
727522,
708254,0
709569,
722313,
723154,
729060,
721374,
708815,
724029,0
730017,
700655,0
725739,
731680,
731315,
705408,
729235,
705542,
722814,
706890,
717385,
714165,
721985,
729223,
731017,
723428,
700728,0
722522,
715669,
712214,
717711,
716081,
722789,
708089,
706636,0
722578,
720815,
715874,
726199,
701610,0
724544,
700808,
720844,
714513,
714182,
723063,
723741,
712590,
723620,
723783,
721645,
732105,
710926,
707031,
732629,
732274,
709788,
708334,
721167,
703841,
717961,
712384,
700596,
717024,
721727,
709498,
719597,
708775,
718935,
711556,
727662,
726772,
720919,
713255,
710220,
726642,
724087,
719147,
705108,
732457,
708917,
726625,
716300,
720524,
723683,
704161,0
720186,
705397,
718026,
709457,
729394,
710377,
709366,0
732585,
730499,
729938,
701132,
704448,
704198,
716722,
724198,
714654,
731443,
720203,
719039,
703751,
722386,0
704780,
714135,
711048,
704173,
719463,
730559,
721766,
732149,
709037,
708648,
727695,
700705,
728482,
713154,
715026,
717868,
733162,
726215,
705422,
703656,
726218,
722319,
721019,
707161,
724590,
718686,
712871,0
732676,
715091,
715665,
720825,
731409,
709303,
709107,
706682,
729209,
716289,1
702184,
724575,
716429,
714344,
729685,
727347,
732771,
717438,
701884,
709243,
719596,
702079,
721546,0
720675,
701921,
726168,
730280,
715635,
725265,
715684,
701593,
708638,
711784,
717339,
703409,
720778,
713910,0
701227,
715786,
700150,
728705,
702482,0
729804,
729105,
713485,
713532,
716034,
729294,
720179,
710520,
707114,
710997,
728250,
702043,
717231,
717389,
701425,
713834,
721186,
706176,
704280,
732098,
707443,
705818,
732889,
722781,
721428,
721581,
733135,
730658,
708967,
731039,0
720052,
707606,
716701,
705581,1
716625,
709479,
710271,
705718,
732721,
727470,
719544,
727951,
718771,
718434,
700399,
702737,
700997,
731191,
732272,
705847,
721065,
701150,
712826,
729293,
725883,
717690,
714721,
713578,
730838,
727774,
726281,0
711249,
717286,
723699,
718854,
713565,
721962,
709504,
713681,
718994,
705013,
712460,0
718164,
705677,
714098,
721205,
704766,
710619,0
715538,1
721264,1
728474,
710266,
712503,
714486,
701571,
721703,
717916,0
711114,
723285,
714986,
715515,
711158,
732396,
708927,0
723339,
723583,
728364,
732823,
700410,
703902,
726399,
718388,
726393,
729584,
700168,
704988,
700377,
702584,
704159,
714837,
713505,0
716283,
710711,
707022,
712354,0
721664,
727947,0
722397,
705733,
716482,
704230,
722969,0
729134,0
714955,
713267,
730230,
717098,
706677,
708749,
712663,
722176,
723970,
726392,
723523,
722131,
708964,
732072,
709828,0
724730,
717585,
703240,
707693,
728869,
721810,
729398,
711314,
720295,
731182,
726396,
725821,
704484,
701421,
701967,
716578,
713397,
704073,
712931,
721118,
705011,
705900,
702631,0
720239,
714671,
732314,
718732,
710433,
714236,
703628,
713474,1
703511,
717637,
726235,
704789,
730828,
715952,0
712288,
713021,0
707330,
721288,
710436,
730163,0
707302,
708008,0
714125,
705814,
729816,
723932,
729922,0
707122,
706487,
717491,
721420,
722350,0
706750,
706950,
703080,1
723515,
720145,
716579,
716444,
716587,
700449,
715301,
732153,
711673,
702674,
727038,
710795,
718298,
719355,
717575,
707941,
719258,
711637,
709892,
711128,
715675,
720735,
725492,
700513,
712559,
727707,
713464,
724012,
719482,
700817,
719517,1
710697,
700926,
718234,
721241,
730826,
733102,
729321,
705819,
726600,
723463,
720411,1
724094,
730671,
702847,
729139,
721961,
722587,
727766,
722580,
711759,
732118,
722996,
726233,
711165,
714836,1
702332,
730420,0
731975,
725914,
713638,
701635,
720123,
719279,0
710193,
709855,
709888,0
713170,
729806,
710798,1
730809,1
701511,
725538,
719554,
707335,
732751,
726014,
719221,
718947,0
710096,
709193,
713779,
731592,0
726340,
710728,
709792,
728811,
705406,
718688,
727728,
707023,
708856,
731948,
707223,
730384,
711851,
711742,
701324,
718950,
700970,0
709607,
701543,
713691,
726228,
709373,
701432,
728729,
711576,
701853,1
715338,
709210,
703230,
715858,
727467,
710367,1
704131,
712960,
718274,
718217,0
710491,
704376,
712404,
706252,
710139,
724052,
729897,
717475,
723030,
705671,
729004,
719408,
726280,
727025,
722035,
725856,
716493,
731765,
707493,
709785,
727900,
715079,
720031,
712189,
713502,
707117,
731916,
715052,
709127,
732796,
727440,
701270,
721905,
718126,
706744,
718471,
711607,
726068,
711120,0
713627,
713144,
716687,
702855,
723812,
712613,0
714249,
715816,
707827,0
711842,0
706549,
709428,
726464,
709885,
704884,
731175,
730972,
703460,0
710232,
725038,
731609,
710005,
726976,
730783,
709518,
716851,0
727528,0
702622,
702598,
725114,0
700726,
727149,
720514,
706475,
706963,
701367,
723035,
714195,
710500,
723354,
709033,
704622,
705140,0
725494,
708857,
709510,
703642,
706418,
703238,
709371,
715133,
707889,
730701,
723480,
722755,
702985,
715223,1
721361,
703957,
711890,
730686,
702104,
701273,
718591,
710755,
715210,
729946,
720363,
702212,
706408,
702348,
714694,
712512,
727532,
705826,
712717,
711908,
714046,
713065,1
730135,
711245,
731006,
726433,
722739,
704903,
703689,
721426,
728305,0
716925,
717530,
732843,
726435,
708935,
709074,
726937,
713484,0
721362,
717652,
725274,0
724137,
700541,0
702181,
726762,
706661,
718600,
702449,
712097,
708985,
706275,0
702589,
714684,
702863,1
731102,
724129,0
711663,0
729273,
709789,
720483,
724767,
703039,
721274,
718795,
717338,
713749,
720206,
724369,
715804,
716684,1
710291,1
711562,
705595,
703163,
721368,
725078,
703687,
729187,
701156,
729689,
711862,
719960,
718814,
702938,
707580,
718549,0
705173,
705650,
730585,
702516,
703026,
712827,
706206,1
715466,
732740,0
723529,
726868,
708422,
721632,
732715,
726824,
724262,
728064,
705704,0
700809,
720038,
727222,
702904,
708664,0
721683,
726828,
708977,1
718735,
731040,
724303,
706139,
730885,
724133,
713043,
725005,
713399,
702814,
714730,
703696,
714880,
703521,
703627,0
719346,
713403,
721490,0
730476,
700862,
708978,
707411,
716257,
717828,
718039,
721926,
730240,
709017,
731877,
721723,
721495,
703100,0
730741,
700412,
705580,0
705856,0
722909,
719730,
700172,
701267,
700435,0
713823,
732656,
709799,
701067,
700656,
709216,
713396,
713459,
717029,
701622,
707024,
716988,
733095,
712322,
731487,
720142,
701625,
728470,
716388,
733084,
703168,
723165,
723590,
717388,
714224,0
714915,
710471,
720220,
700093,
704542,
725974,
716432,
731938,
703331,0
724075,
717154,0
714715,
714842,
702152,
732726,
707136,
729642,
730133,
704289,1
728240,0
702433,
717768,
720090,
710234,
728368,
709255,0
717515,
732057,0
724653,
709030,
719162,
713091,
719129,
727278,
701527,
727080,
700693,0
731456,
731402,
722258,0
722514,
728546,0
702090,
722991,
700432,1
701744,
729462,
723451,0
719456,
707321,
713530,
732827,
714426,
714535,
701521,0
726958,
707369,
703650,
704132,
705127,
720763,
728255,
709651,
733163,
721027,
709274,
713290,
717946,
710717,1
707416,0
715195,
700691,
704814,
716052,
721318,0
727365,
714881,0
718599,
710570,
725219,0
722407,
730864,
712420,
723023,
700125,
704452,
706196,
707730,
728040,
707159,
714713,
724751,
725148,
731300,
717944,
717609,
733088,
701556,
726769,0
721685,
702424,
701171,
714961,
729212,
728509,
718170,
710298,
701072,
704349,
726452,
704332,
728518,
705678,
712595,
700826,
702174,
707182,
723133,
705338,
720312,
705502,
703979,
723337,
718169,
725386,0
721293,
731130,0
712062,0
727915,
705836,
730784,
720211,
730704,
722787,
724366,
726368,
710230,
716136,
707761,
722011,
724200,
700241,
715320,
718918,
730039,
704379,
731126,
709320,
711460,
727854,
705077,0
710783,
702681,
707678,
708593,
700379,
722924,
700415,
714405,
727290,
725247,
726945,
702207,
729208,
716608,
711910,
728221,
706625,
729613,
727534,
716107,
700932,
709174,
707748,
710603,0
706405,
729237,0
704058,
729990,
728916,
727628,0
710843,
719891,
722993,0
700008,
728174,
726725,
726908,
715941,1
706697,
732075,
714097,
715478,
727513,
706710,
727064,1
730625,
714323,
727092,
716628,
730314,
730767,
700964,
719212,
725252,
706170,
706629,
705689,
726773,
729934,
733068,
719321,
724036,
711493,0
709551,
706103,
701416,
711616,
726231,
722063,0
709289,
723703,
711760,
713221,0
710828,
717521,
706621,
704784,0
721935,
724340,
726668,0
712125,
708635,
709152,
730475,
729312,
724332,
727693,
720584,
718706,
724731,
723534,
717360,
701519,
719044,
714462,
729576,
706781,
726087,
721638,
720230,0
723331,0
701233,
723708,
723551,0
720957,
724547,
713407,
731314,
726193,
726797,
729267,1
732179,
710168,
708029,
733047,
718462,0
725705,
709771,
711368,
724084,
728301,
720305,
719712,
729219,
702757,
732769,0
725392,
706500,
720015,
730822,
724327,
720006,
716750,
703253,
713778,
708595,
714926,
707254,
711954,
705890,
732211,
731321,
704272,
712102,
728676,
705717,
722276,0
725353,0
727420,0
713887,
711495,
720626,
721557,
718307,
709175,
717466,
731505,
703949,
702359,
707715,
717898,
701602,
702404,0
713222,
709094,
715328,
721300,
709764,
703361,0
708109,
729911,
731688,
701644,
723341,
730064,
702577,
715088,
702639,
724702,
712996,
732888,
706881,
701739,
721602,0
726434,0
728949,
732957,
719903,
731201,
708247,1
728181,
729426,
730827,
724691,
729534,
705339,0
731452,
714481,
706616,
703721,
729132,
729459,
728127,
706547,
719064,
719936,
708406,
722872,
714418,
721174,
730612,
723704,
710715,
718267,
711131,
704636,
703783,
725894,
720141,
709488,
732862,
723624,
719395,0
725667,0
715015,1
713593,
713782,
730474,
724531,
706738,
720366,
701335,
702245,
708701,
719798,
732970,
731812,
727985,
725011,
729590,
719045,
700281,
710341,
717115,
709440,
718303,
719220,
713871,
714617,
700260,
716128,
712792,
733094,1
705533,
705673,
712873,
718497,
711611,
706433,
721707,
711025,
718002,0
729284,
706928,
707413,
712855,
710531,
729201,0
731115,1
729812,
719054,
728798,
723732,0
723916,
703991,
704074,
720282,
703247,
720969,
721841,
703281,
714795,
716075,
713499,
708660,
708569,
724099,0
718709,
705069,
703580,
723350,
702026,
730495,
731970,
703493,
716971,
707294,
711427,
701319,
714035,
708653,0
720650,
726449,
720293,
712783,
721556,
710199,1
717756,
713588,
706263,
727520,0
708722,
730925,
728173,
721291,
713548,
704598,
727755,
720536,
711748,
725074,
715437,
703225,
704683,
705373,
709203,
724919,
730205,
716324,
718768,
717396,
731400,
719634,
727780,
726456,
732209,0
728160,
712423,
705569,0
714402,
726171,
724615,
704861,
732521,
713285,
729669,
724041,0
708578,
709076,
719322,
732229,
705566,
709335,0
703406,
711818,
702347,
721550,
728623,
716206,
703576,
722270,
705075,
709234,
722657,
714110,
701696,
727893,
727908,
732023,
728772,
730122,
724625,
706746,1
710585,
724485,
707901,
726653,
719271,0
709740,1
728611,
715689,
722245,
723802,0
719682,
713940,
725823,
704076,
728576,
725688,
731389,
707617,0
722620,
731601,
708882,
730404,
702693,
714740,
703139,
714080,
731815,
703078,
731643,
713039,
728005,0
700777,
709902,
729802,
716651,
710853,
722191,
706530,
732830,0
723680,
709102,
728996,
730507,
711638,
725109,
723061,
713605,
731506,
713344,
705197,
713340,
701016,0
724061,0
711998,
711914,
709287,
702186,
719113,
727002,
712901,0
729855,
714292,
732911,0
701800,
717430,
725531,
732791,
728747,
730454,
723903,0
724190,
722813,
705624,
717174,
728646,
703060,
701152,
712824,
702158,
723859,
715473,
709491,
704468,
724603,
704895,
726913,
728580,
702743,
704139,
703171,
702784,0
701430,1
718377,
728118,
727949,
712049,
725814,
726556,
706476,
727379,
727415,
719673,
716488,
718875,
710468,
719549,
705288,
724037,
728547,
731052,0
731248,0
731268,0
709767,
711865,
703476,
711491,
703691,
714338,0
723697,
727029,
731997,
714232,
704044,
712984,
707845,
732919,
730532,0
716993,
712917,
706954,
721239,
710416,
722771,
722085,
717319,
714140,
709642,0
714223,
717498,
721150,
726297,
721017,
706358,
709775,
724614,
722750,
704470,0
709363,
724472,
716363,
715521,0
721225,
701422,
722292,
719973,
705547,
715705,
724639,
719413,
730821,0
708649,
723657,
703220,
715034,
703474,0
708597,
709858,
706503,
715041,
712568,
709272,0
726601,
711083,
722381,
720635,
703065,
727910,
706322,
724502,
704842,
733085,
710580,
705540,
701461,
717636,0
709731,
700853,0
711315,
717112,
702546,
727801,
729673,
716076,
711922,
731712,
709769,
729932,
702075,0
717752,
700369,
718519,
725656,
721876,0
728350,
710315,
718596,
704696,
714204,
718835,
718465,
721363,
723247,
732430,
729602,
717536,
726966,0
704119,
726893,
711835,
701931,0
728234,
710771,
728316,
703132,
728974,
722364,0
714241,
702647,0
722500,
700294,
701875,
712688,
709192,0
718722,
706795,
722188,0
723554,
709845,
719539,0
721050,
720645,
717788,
732393,
708250,
712223,
718346,
719366,
723744,
721056,
710347,
707297,
709725,
728366,
702991,0
710146,
707972,
733000,
727246,
725805,
700010,
700016,
731106,
720225,
721572,
722427,
701907,
716001,
728874,
732454,
705608,
717626,
715753,0
721312,
701229,
715096,
700373,
711013,
710526,
727445,
731616,
732337,
705972,
720402,
719040,
722166,
706298,
725467,0
701145,
711534,
713706,
727001,1
715420,
714933,
723509,
703188,
703207,
705626,
715139,
731534,
722568,
721423,0
710566,
725105,
731891,
716255,
713308,
726383,
729430,0
711189,
714859,
721803,
702771,
711852,
719292,
723143,
703722,
709547,1
722728,
713500,
725682,
713465,
711604,
731397,
730869,
700515,
720625,1
707737,
717318,
713674,
700391,
700181,
700450,
732754,1
702556,
732193,0
718394,
727917,
704614,
705006,
725062,
707526,
716305,
706824,
718929,
725387,
708903,
732199,
713167,
704008,
709468,1
725301,
721208,
706402,
729957,
702087,1
711386,
706864,
727245,
731161,
704574,0
707659,
726778,
702573,0
708739,
713489,
717192,
720550,
714810,
722271,0
718285,
710634,
732397,
725693,
707965,
702734,
731766,
706933,
722096,
729412,
720893,
717831,
732489,0
703610,
713036,0
728758,
721813,
704555,
723058,
723808,
732743,0
705211,
710353,
724244,
727924,
703694,
719139,
713129,
718133,
717661,0
712523,
715373,
701992,
723135,
718322,
731716,
724100,
703357,
711750,
713446,
730543,
731432,
722095,
707004,
709224,0
709396,
708542,
733079,1
704205,
701436,
708596,
719694,1
717001,
724439,
729309,
728496,0
731886,
731331,
713933,
713327,0
730155,0
732134,
727772,0
701034,
703115,
723909,
715781,
700313,
723679,
702539,
724868,
730633,
711561,
717250,
728129,
731114,
702338,
715590,
730350,
713987,
726148,
725352,
709897,
708992,
700454,
727925,
715697,
710974,
706510,
711044,
719240,
715547,
729128,
706116,
728401,
708996,
707409,
713976,
706603,
709665,
714194,
726879,
729601,
732164,
713421,0
714793,
710955,
711224,
732344,
704457,
718037,
705248,0
721212,
701289,
702733,0
709946,
702921,
709154,
708201,
727013,
719906,
716505,0
713661,
722935,0
710200,
700766,
719110,
720507,
726604,
716575,0
726807,
728737,0
702135,
717245,
702919,0
700583,0
731884,
708396,
704525,0
718865,
708508,
714428,
723893,
709952,
730790,
721470,
709870,
727906,
728396,1
720247,
728551,0
712299,
706452,0
718095,
715855,
721860,
727317,
701861,
726226,
728451,
701627,
709262,
721837,
718873,
721158,
704936,
709263,
721240,
722122,1
724070,
706920,
707201,
721716,
721067,
701308,
710422,
714558,0
701531,
732978,
706518,
719167,
716064,0
730535,
726223,
715972,
704755,0
712116,1
722255,
704283,
718071,
723641,
729745,0
715317,
701138,
729778,
713224,
704455,
728308,
715163,
714039,
728832,
702873,
720618,
707591,
731266,
714064,
720688,
729359,
722876,
728346,
710109,
703869,
707440,
705657,
720678,
700911,
729540,
715604,1
711873,
718907,
716681,
727205,
730462,
727580,
719529,
706216,
711010,
722408,0
719695,
708056,
714932,
719745,
715691,
713105,
726941,
727813,0
714909,
717644,
701484,
707314,
725072,
709707,
728435,
714904,
717096,
722960,
731423,0
719889,0
727019,
722962,
710875,1
730268,
727616,
710529,
706082,
730896,
725528,
718613,
730536,
703362,0
710754,
718665,
717329,
713883,
729999,0
730752,0
714272,
709437,1
710154,
711438,
706125,
709182,
708873,
715395,
700485,
723740,
708137,0
712277,
701236,
725052,
726716,
722089,
712157,0
729724,
722474,
717803,
717086,
729790,
707424,
719508,
731794,
701878,
721743,
708495,
702177,0
713877,
729925,0
707826,
708212,
723787,
704267,
715539,0
732859,0
707837,
724073,
731756,
718210,
715711,
729956,
711217,
710735,
700160,0
717392,
703601,
707999,
711530,
726403,
731496,
719117,
700325,
713805,
729205,
732738,0
723385,
721944,
712481,
718244,
715050,
724236,
722824,
706804,
710371,
704607,
714174,
723725,
705661,
707530,
711529,
711816,
722114,
707673,
727934,
721505,
730977,
723764,
716508,
717322,
723873,
717732,0
705385,
700106,
727600,
717724,0
704402,
725453,
709079,0
715856,
721034,
700615,
713741,
706494,
709489,
702508,
703187,
718568,
720354,
733171,
723167,
728995,
711893,
701899,
726499,
707412,
727114,
711918,
716607,
724349,
731912,
709656,0
721488,
719125,
725685,
731499,0
718138,
703069,0
720979,
727625,0
703159,
703709,
718919,
732858,0
724104,
703399,
708307,
730002,
721401,
701493,0
721144,1
727932,
720405,
719516,0
723353,
707388,
730171,
724855,0
700194,
706121,
727523,
709151,0
731684,
727077,0
713816,
707955,0
702549,
701600,
701490,
717142,
718253,
707877,
732330,0
705308,
702042,
722198,1
700849,0
714717,
711967,0
721010,
714619,
725351,
714921,
707524,
731377,
702960,
712193,
709241,
712618,0
702646,0
723453,
713371,0
720469,
732271,
707160,
700255,1
730847,
725248,
731374,
712885,
710061,
701376,0
723407,
704022,
711980,
715362,
716831,
731398,
717718,
723137,
728511,
711499,
726441,
705884,
721025,
728223,
729417,
728824,
719462,
733057,
724929,
717485,
703148,
728550,
708017,
730071,0
713061,
707300,
728323,
726768,
713054,
729263,0
700840,
719284,
705693,
714737,
721111,
732441,0
713793,
726214,0
713879,
705712,
721083,
725200,
728812,0
724799,0
702999,
711234,0
718405,
732208,
728592,
715692,
718867,0
727634,
725958,
731674,
703795,0
714693,
715346,
717295,
719460,
703416,
722534,
711787,
713653,
715688,
719583,
710480,
723081,
727444,
716137,
711497,
731179,0
731057,
701466,
725383,
723966,
720337,
715351,
702484,
700277,1
710740,
730813,
732160,0
713348,
731881,
705451,
703529,
724203,
709887,
730094,
718644,
707983,
730796,
700830,
705114,
720155,
724181,
725481,
713444,
725849,
717977,
719665,
701362,
708063,0
711613,
701035,
722859,0
700719,
720058,
728567,
716119,
720683,
705329,
723552,
723213,1
714101,
727053,
723644,
707280,
718977,
707949,
720466,
731275,
707309,
705565,
730873,
701755,
711122,0
722939,
702317,
724391,
705275,
700632,
713328,
714455,
720914,0
705978,
714508,
724333,
732666,
732668,
703392,
719339,
717954,
718932,
727108,
720329,
714014,
732805,
714331,
709190,0
713784,
727723,
732428,0
720441,
703467,
714055,
717233,
709436,
708444,
711912,
717714,
729149,0
729454,
712289,
707260,
700711,
700084,
702824,
717189,
724908,
716709,
717217,
729088,1
704157,
725885,0
714974,
713377,0
700411,
713392,
721805,
730567,
711858,
730707,0
730478,
708642,
701764,
723489,
725979,
730089,
731992,
702310,
707322,
714515,
724733,
715658,
719443,
714074,
715667,
717694,0
701251,
705039,1
723109,
722221,
716835,
728216,
716844,
711986,
709452,
706942,
712433,
722241,
718861,
708526,
728155,
725846,
708202,0
724851,
721455,
704698,
702854,
723960,
717161,
712029,
718477,
729061,0
701318,
730154,
723915,
722092,0
709617,
715948,
712725,
713441,
725906,
720374,
709914,
708105,
706875,
721891,
705916,0
731301,
710579,
703598,1
720176,
729188,
728354,
722956,
706178,
706440,
715045,
705640,1
720150,
720607,0
708191,
727312,
717480,
718273,
701782,0
712022,
722301,
722006,
700821,
732412,
720506,
703715,
703085,
720486,
723578,0
709495,
712942,
711417,0
718059,
702171,
713415,
714157,0
711968,
715032,0
711129,
732449,
723804,
728081,
702139,
710708,
726968,
725323,0
723957,
703837,
730860,
726060,
733017,
716172,
700794,
710582,
708954,0
730479,
729151,
717353,
723336,
726470,
706962,
715943,
719987,
730942,0
723365,
720438,
726744,
725131,
708652,
722362,
710142,
715013,
729976,
708142,
716260,
711871,
723479,
718259,
709296,
704711,
730325,
705391,
702885,
729923,
724402,
727775,
714739,
701953,
705799,
724837,0
717871,
719418,
711095,
722328,
718729,
708081,
723286,
720729,
704547,0
705988,
730768,
714169,
703250,
732934,
717676,
715638,
719652,
705686,
728326,
728756,1
732551,
715695,
721327,
706977,0
715778,
723172,
729118,
718812,
706541,
724757,
706007,
701143,0
728343,
704370,
726382,
701372,
714206,
711643,
728034,
723545,1
706404,
722503,
711084,
725263,1
712303,
715031,
733064,
707960,
728115,1
715853,
706960,
708325,
709666,
718966,
727887,
701165,
732009,
727941,0
710395,0
724595,
731493,
711384,
722656,
731237,
727288,
719515,0
720959,1
707488,
715385,0
726019,
720818,
705990,
704958,0
706727,
708933,
712604,
707850,
732852,
724560,
713760,
705028,
713113,0
728568,
706260,
726187,
717785,
723560,
712044,0
714532,
709904,
727604,
706747,
711063,
714372,0
701285,
712506,
724321,
711685,
729548,
728665,
710561,1
702188,
712527,
701477,0
725176,
717055,
716446,
731338,
708175,
720465,
713938,
725563,
714084,0
718744,
711699,
720320,
717804,
719657,
722706,
702422,
709821,
705261,
700178,
728788,
708858,
719347,
731484,
707757,
727665,
715441,
724679,
711444,
700382,
717130,
717063,
730047,0
724404,
702229,0
702844,
724478,
710028,
700470,
700900,
730249,
732338,
704781,
727783,
701939,
707531,
712446,1
725201,
733103,
716450,
724508,
709067,
700215,
708390,0
710460,
730742,
703672,
714255,
714811,0
710641,
716976,
720446,
719368,
733032,
712448,
716934,
732418,
722841,
729878,
721039,
730261,
719281,
708549,
724364,
716142,
704385,
727931,
706308,1
700877,
726956,
721745,1
725278,
731543,
715398,
717823,
731994,
712001,
721392,
718891,0
728361,
725679,
711575,
724546,
702719,
731763,
717509,
704603,
728514,
706653,1
720399,
716893,
701713,
723563,
706199,
718111,
721775,
707315,0
717048,
725507,0
722941,
728530,
726680,
718506,
721785,
713540,
733091,
707135,
702232,
712623,0
703589,0
712980,
707410,0
715850,
719270,
717113,
726726,
717525,
720986,0
723430,0
717579,
702570,
732482,
706432,
714013,
727659,
705466,
719888,
703279,
713064,
714219,
715687,
714298,
710507,0
714609,
716791,0
729228,
710941,
720781,
711167,
709007,0
720259,
723977,0
725041,0
713469,
715745,
718671,
719112,
700026,0
714377,
719568,
714341,
729098,1
733176,
714170,
725419,
718535,0
712095,
703396,
720434,
717293,
706648,
714353,
708757,
723223,
716665,
721391,
724168,
701448,1
702325,
725510,
721884,
727174,
713186,
721960,
721060,
703988,0
708778,
717876,
713566,
715498,
724206,
704521,0
722689,
707415,
709584,
708629,
704609,0
719676,
701195,
704889,
711016,
708016,
726479,
730597,
708803,
732993,
705186,
718652,
707825,1
716807,
709944,
722406,
728693,
708002,
721326,0
724003,
711517,
700171,
709684,
702997,
715924,
703941,1
704317,
727294,
709082,
715567,
716013,
703094,
711581,0
717594,
722172,
708583,0
732273,
711212,
702490,
722414,0
705516,
716973,
716131,
719860,
727642,
722652,
724138,
705172,
730349,
703198,
729260,
700579,
723166,0
725399,
712660,0
710208,
723085,
706323,0
709942,
714815,
707742,
717901,
730778,1
704303,
730395,
728475,
700076,
704479,
708158,
703336,0
720022,1
724760,0
715428,
724991,
715912,
724185,
712526,
713447,
717019,
726674,
716382,0
716258,
703940,
711436,
726988,0
728341,
727549,0
721443,
718081,
717178,
725618,0
716521,
700786,
704207,
727199,
725804,
719812,
715451,
714825,0
724301,
701303,
717397,
732069,
716566,
730605,
727453,
716219,
704480,0
715722,
732747,
700059,
729554,
713296,
717139,
701415,0
706271,
730210,
729167,
724509,
701022,
700754,
711803,0
729025,
727559,
712818,
721307,
704635,
705135,
721957,
701840,
719633,
720879,
718288,1
715840,
705969,
726611,
708793,
729338,
703773,
726270,
708744,
711073,
703688,
720814,
732217,
701918,
721115,
716904,
705278,
713486,
718656,
724626,
711119,
700375,1
706611,
714445,
719024,
724339,
701201,
721080,0
711833,
721530,
710361,
721033,
704369,
730854,
732806,
731307,
700536,
724841,
701355,0
733153,
706728,
700436,
720169,
720050,
702543,0
731516,
728900,
727784,
702744,
700427,1
722430,
724951,
723737,1
705388,
710547,0
712199,
720867,
730296,
710527,
717114,
707272,
717702,
704223,0
711724,
701085,
727767,
716652,1
726294,0
717500,
707545,0
726081,0
722382,
719668,
709849,
724056,
706918,
726258,
703500,0
720478,
712465,
730846,
731303,
713639,0
725830,0
708780,
714269,
726117,
729924,
714153,0
713004,
730456,
701877,
723161,
701942,1
710255,
715756,1
731567,
718609,1
715036,
719254,0
715249,
713174,
703912,
703903,
721143,
706597,
729240,0
726791,
721139,
715056,
701031,
714152,
701798,
712756,
711697,
706948,
705026,
726381,
728528,
712443,
719066,
722619,
723477,
710873,
710210,
701115,
707250,
703857,0
711208,
716550,
725628,
729315,
702491,
724745,
710062,
714417,
716309,
716814,0
721430,
707061,
729608,
719227,
727868,
703305,
700677,
707585,
725766,0
722673,0
728817,
708116,
718548,
722532,
705299,
713426,
707019,
723358,
730600,0
705722,
703817,
723245,
701463,
712990,
713957,
711885,
726284,
724633,
708765,
718018,0
701032,0
709212,
726371,
731707,
729644,
701431,
731514,
705927,
721786,0
713433,
720537,
728408,
712864,
711745,
712932,
732038,
701041,
710432,
732788,
727196,
712602,
711764,
723597,
708561,
713918,
707519,
704339,
730540,
720823,
728839,0
709580,
708918,
719811,0
704906,
707946,
714847,0
726124,
719050,0
706799,
730515,
728987,0
708716,
717855,
719023,
714863,
729817,
704325,0
730238,0
714124,
704546,
722331,0
728184,
705562,
728849,
719881,0
722110,
703711,
721037,
714886,
714982,
723272,0
731394,
703393,
721413,
711821,
725555,
726414,
730251,
706657,
708393,
716202,
713246,
717984,
721251,
730581,
716877,
712972,
727834,
711620,0
712092,
715811,0
704799,
703708,
713501,
705376,
710787,
713387,
731419,
716762,
730101,
712763,
704005,0
723794,0
705207,
725807,
724446,
732421,
729415,
704121,0
704049,
719301,
728008,
732085,
728505,
733097,0
705032,
713062,
716539,0
720889,
706019,
731677,
718953,
713226,0
723007,0
724994,
727088,
730433,1
710246,
728385,
708315,
716742,
722240,
720687,0
703483,
721560,
703918,
725488,
717328,
721469,
730782,
718412,
701842,
700635,
723379,
705805,
716261,
722966,0
713853,0
700690,
702890,
718848,
716534,1
718678,0
724250,
731474,
726230,
702931,
705506,
706417,
708748,
728876,
709741,
706318,
717149,
729242,
715616,
703157,
705149,0
723805,
702874,
728020,1
719620,
702790,
704122,
731208,
700500,0
714149,
732487,0
720311,0
711001,
708013,1
722283,
707649,0
731847,
716682,
728506,
700625,1
703045,0
710235,
732212,
727798,0
713347,
701483,
707686,
725722,0
716097,
728390,0
727583,0
700050,0
704545,0
707864,
706156,1
702199,0
712330,0
718925,1
704501,0
723301,0
716661,
702581,0
702330,
714201,
702809,
719635,0
709278,
729363,
705046,
716244,
727070,
714895,
706858,
723251,
722297,
732914,
728386,
731530,
724715,
729322,
729217,0
711244,0
720546,
721149,0
721923,
731263,
712981,
721042,
728389,
703593,
719008,
703811,
720391,
715949,0
724959,
731524,
701535,
729295,
719644,
711819,
726667,
730004,
724448,
725728,
731233,
708537,0
730909,
710891,
728458,
706563,0
731475,
717587,
707525,
705370,0
723980,
707193,
708773,
705153,
727296,
726802,0
715197,
712367,
720963,1
728146,1
700275,1
703858,0
716779,0
706989,0
709412,
721754,0
730564,0
703473,
704473,
713011,
701641,
700640,
720686,0
715989,
720133,
708265,
726978,
720027,
723810,
709228,0
717403,
723890,0
713496,
731619,
700907,
719774,
701498,
724796,
708517,1
718088,0
718332,0
718014,
716334,0
701298,
701706,0
707576,0
711177,0
717662,
718174,
715793,
716960,
726234,
718713,
709691,
722211,
722659,0
705333,
715345,1
709644,
718973,
726476,
710056,1
710047,
717796,
701328,
703038,
709750,
718846,
724800,
711268,
710788,0
702928,0
711163,
716045,
731967,0
725465,1
729156,
714574,
711392,
731803,
719442,
725902,
713929,0
730606,0
724565,
705618,
708333,
718151,
714618,
715820,
706671,0
714289,
722216,
723227,
718913,
708371,
706218,
723240,
724620,0
726327,
702819,
728769,0
718249,
732965,
707584,0
732731,
702257,
722794,
724171,0
729978,
716491,0
716395,
710954,1
707319,0
732477,
705899,
706380,
731629,
730070,
710476,0
718331,
709864,
702625,
724194,
702770,
726683,
703525,
706320,
718456,
731329,
702341,
701407,
709710,
732402,
713602,
712467,
701384,
726023,
702894,0
715129,
714404,
708028,0
726015,
704216,
701109,
718257,
726936,
722685,0
725755,1
701816,
705948,1
701119,
728864,
726078,
719070,
719461,
700851,0
700425,
716153,
704172,0
701515,
724709,0
723588,
716970,
712842,
714678,
730971,
703930,
702806,
717229,
707362,
719873,0
714831,
703665,
709718,1
715185,0
707002,
718482,
714395,
727544,
731246,
730480,0
732000,
704942,
706008,
715276,
728352,
729192,
712409,
700941,
725791,
706146,
703518,0
728382,
710415,
700226,
703212,
706949,
729596,0
716731,
728473,
732400,
710564,
705417,0
717122,0
708742,
712693,
726984,
709404,
718798,
733005,
717175,
724497,
720481,0
720194,
722759,
712681,
704112,
732120,0
708715,0
721338,
714432,
706703,0
713796,
732749,
730876,
700582,0
719123,
731056,
730193,
731310,0
720318,0
730293,
726821,
732600,0
706943,0
707352,1
722159,
733074,
729233,
703014,
713581,
729970,
700004,
721444,0
702515,
717548,0
717062,
711754,
702016,0
722640,1
704392,
720565,
733060,
732306,0
721257,0
721939,0
708355,
731704,
708690,1
726542,
718350,
703698,
715727,
726979,
706987,
702303,
705110,0
706157,
703129,
722064,
709985,
702827,
703175,1
715729,1
705266,
710495,1
714077,
703520,
700771,
701573,
707472,
710010,
712169,0
712061,
714317,
710372,0
711824,1
704465,
719267,
715042,0
722981,
701424,0
721217,0
709620,
713659,
723395,
700128,
717730,0
721537,0
733139,
701456,
703144,
725126,
700123,
728299,0
728310,
709660,
712764,
703741,
732088,
730286,1
720298,
728272,
718967,
702834,
732157,0
700760,1
724829,
714587,
723427,
728539,
713009,0
730227,
711971,
726719,
707723,
713905,
713811,
711334,
708608,1
731088,1
712700,0
709106,
724622,0
709680,
709496,
731243,
706790,
720994,
716595,
729821,0
705730,
731267,0
717665,
725777,
710116,
731210,
728999,
714121,
700046,
717390,1
726384,
713711,
716699,
718195,
721661,
717238,
721308,
702333,
721575,
718562,
706680,
716853,0
725867,1
719073,
713891,0
705001,0
707207,
718908,
722974,
708115,0
701102,
718364,0
712064,
725904,
712742,
725975,
717586,0
712997,0
730859,
726613,
709126,
709796,
719533,
700337,
725591,
709222,
711811,
704404,
703716,
718016,
724710,
719486,
727004,
700025,0
728290,
727683,
719566,
718642,0
719782,0
704578,
721670,
730347,
724958,0
712122,
733108,
724607,
720136,
729707,
723857,
700631,
732445,
713384,
728325,
733033,
717126,
702626,0
732554,
719405,
718127,
730410,
702976,
712746,
722052,
715053,1
704274,
721040,
714094,
715155,0
730320,0
710086,
709500,0
705185,
725935,0
713314,
703044,
731029,
700723,0
706591,
720943,1
704866,0
710247,
727645,0
727078,
715481,
724006,
732108,
708704,
712787,
721367,
713688,
732875,
715646,
718119,
726400,
718142,
722317,
714092,
732887,
718630,
729121,0
716169,
714214,
720053,
718424,
715640,
716099,
724643,0
716771,
700628,0
731934,
708637,
709533,
711188,
725151,
723396,
717829,
718202,
731647,
721137,
720229,0
700460,
726391,
707108,0
728329,
708544,0
727195,0
729818,
725980,
700894,
728201,
708616,
720995,
727240,
715946,
715284,
709454,0
708117,
732226,
703138,1
721675,
707786,
720427,
702153,0
715315,
723863,
718981,0
727643,
725196,
722086,
709768,0
729863,
713764,
700085,
706221,
722007,
731973,
711303,
732190,
700286,
700661,
728889,
732358,
712215,1
706159,0
727373,
719288,
731593,
720882,
729170,
709308,0
727417,0
723335,
728351,
702812,
732083,
700070,
711746,1
710627,
719641,
731051,
730800,
716543,0
722088,
720204,
712664,
717054,
710404,
718334,
706235,0
706861,
709879,
708171,0
705345,
715554,
714942,
717864,
700637,
707638,0
708683,
713612,
713024,
709971,
715170,
717415,
724769,
716937,
715435,
700588,0
725358,0
701628,
710980,
730539,
704331,
709827,
711433,
700610,
702027,
710277,
727256,0
702971,0
720887,
730225,
708546,
731633,
713151,
709257,
703284,
707832,
719317,
701634,
707111,0
732826,
705396,
731060,
702738,
720631,
715107,
712828,
730449,
706773,
707284,
731953,0
705699,0
707915,
718759,
720981,0
707220,
709541,
727026,
705946,0
732945,
704368,
717494,
711798,0
722017,
711033,
714436,
711791,1
706316,
732262,
731026,
703616,0
711560,
721286,0
723121,
709092,1
708243,
730659,
725439,
701020,
708760,0
716029,
728928,1
703790,0
731928,
726830,
723138,
712583,
732385,
729870,
722735,
730013,
704427,1
706704,
729916,
702509,
727005,
730233,
731365,
702420,
708849,
702159,0
703352,
732215,
719672,
706083,
700254,
702527,0
728709,
710243,
722202,
715275,0
713746,
720198,
711390,
715474,
707993,
710952,
715339,0
714145,0
713948,
724315,
702672,
700984,0
708417,0
704335,
725152,
715509,0
718526,
704531,1
700752,
732897,
718336,
702402,
718112,
715683,
723220,
711589,
707233,
721989,
710883,
711028,
712823,
722940,
708963,
707516,
727563,
724277,
730883,0
715442,
705084,
731651,
717723,
700068,
730341,
715930,
703682,1
708145,
710863,
715644,0
709918,
732562,0
712969,
712687,
724765,
731291,
724184,0
726749,
714083,
700712,0
705519,
710108,
702785,0
718905,
711052,
723461,0
730954,
706315,
715743,
708799,
720610,0
710034,
710049,
730834,
713919,
726173,
701259,
713942,
701746,1
724259,1
710948,
725410,
722084,
717742,
727879,
722496,0
703527,
705490,
722622,
701434,
719394,
727578,
706166,
728332,
732703,
708756,
704467,
725742,
729107,0
712522,
731328,
723824,
701542,
719674,
718318,0
720820,
716612,0
707408,
720379,
710450,
714541,
732595,
727501,
729711,
723580,0
710196,
710194,
713926,1
714431,
708015,
705554,0
719868,
706848,
733045,
723635,
710041,
732249,
703827,1
732810,
721064,
722093,
709054,
702267,
711400,
714901,
730000,1
726605,
701000,
709543,
725192,
723308,
731895,
722593,
720212,0
730948,
730402,
730937,
710979,
722850,
704775,
733136,
707109,
706296,
714176,0
730810,
723410,
717216,
713145,0
722393,
712100,
703778,
707586,
714413,0
731262,
710914,
706995,
722936,
717023,
717744,0
707932,
710812,
707341,
705500,1
717889,0
731289,
730457,
724986,
710973,
723793,
732488,0
730397,0
722163,
713385,
712184,0
713203,
729369,
721525,1
721215,
719503,
721431,0
730648,
725552,
711419,
713098,
710444,
706676,
718847,
719656,
704871,
713086,
716105,
702049,0
725559,
718748,
729066,
705824,
721984,
702063,0
708335,
715812,
701339,
713204,0
705526,
707776,0
723017,
711151,1
703856,
733013,0
719982,
722309,1
725193,
730726,
726123,0
729432,
709050,
706716,
721250,1
732498,
725991,
721729,
722975,0
706013,
709536,
706162,
717840,
732081,
719414,
719062,
722286,
705586,
721886,
715051,
716033,
727320,
731525,0
727072,
724382,
709506,0
732829,
708755,1
713050,0
721237,
730584,0
702871,
708795,0
713196,
729718,
709553,0
723507,0
732077,0
715049,
710834,
726465,0
721842,
727142,
723998,
724370,
710592,0
706477,0
707211,
707068,0
702457,
701349,
724479,
724847,0
723467,0
706237,
712030,
722925,
731457,
700959,
711755,0
731416,
724238,
720396,
725865,
728082,
729607,
701911,1
706615,0
727672,
726594,
711632,0
705551,
718653,
721247,0
700858,
706589,
729846,0
704708,
704949,
729495,
703661,
700745,
720711,
726641,
731477,0
717025,0
707855,
726412,
710092,
700461,1
711831,0
721364,0
700920,0
712667,
705848,0
725746,0
711109,1
723678,
727166,
728956,1
709237,
711761,
723490,0
708241,
720190,0
720343,1
701827,1
729377,0
715829,0
725416,
711675,
700834,
709285,0
730645,0
716945,
725512,
714226,
720435,
710794,
709805,
720693,0
722456,
726555,0
716342,
731427,
701562,
704204,
706185,
720819,
730664,0
706004,
726840,0
700205,0
717026,1
711738,
732455,
703300,
722995,0
714533,
703259,
713897,0
727194,
733011,
726394,0
704156,
706714,
723720,0
722477,
718351,
730691,
703654,1
715167,0
721081,
708831,
710890,
726798,0
700835,1
702489,
732101,
718590,
716511,
715491,
724816,1
710229,
727638,
724051,
732983,0
713274,0
726781,
728677,
714270,0
728242,
728702,0
723881,
728502,
712091,
704897,
732599,
706415,
715632,
711034,0
704675,
720590,
706110,
729360,
724933,1
703969,
706693,0
701984,
728048,
722506,
718345,1
723961,
703931,0
717748,0
720143,0
714612,
706647,
704896,
726285,
718638,
731974,
712396,
707391,
716232,
732541,
716626,
702273,0
725087,
713866,
727537,
712989,1
715252,0
723658,
727135,
719505,1
725185,
706996,
701516,
717207,0
730914,
703517,
714951,
730115,
732912,
729567,
725415,0
732222,0
729137,
722038,
709163,1
709872,
723164,0
718069,1
729506,
711206,
709531,1
723013,
713520,
710231,
712703,
709735,
731429,0
700120,0
712653,1
701815,
730303,0
715987,
723297,0
706339,
716532,
700585,
718260,
714530,
703671,
714563,1
718118,
709327,
700112,
719981,0
728196,
710829,
731124,
704311,
704059,
731492,
716405,
716759,
702818,0
726792,0
730099,
707957,
729453,0
704461,
707622,0
705772,0
706181,
700155,0
730282,1
721848,
731504,
702554,
703124,
723674,1
713606,
733156,
706718,
704063,
719334,1
705179,0
708394,0
703619,0
730910,
720104,
722354,
724674,
719074,
716058,0
708095,
701582,
722830,1
723843,
709742,
732620,
731313,0
706400,
730652,
702227,
722990,1
726365,
730848,0
719159,
710981,1
700326,1
727847,
730322,
721035,
702017,0
727526,
716469,0
731390,1
709414,0
728449,
719856,
732002,
725381,
724211,0
701361,0
726160,
731108,0
705066,0
730383,
726817,
715871,
701149,0
701541,
731839,
727007,
720539,0
718361,
705869,
727547,
707387,0
704969,
729575,0
716327,0
724814,
705878,0
724609,
703141,0
700029,
731945,
719081,
724371,0
730779,
719684,
721541,
719455,
717758,
703849,
725641,
706598,
730811,
725209,0
719836,
711957,1
721631,0
731458,1
715231,1
732459,1
729072,
718276,1
726632,0
703221,0
708794,
705246,
712710,
721165,
726064,
710394,
703289,0
708674,0
726774,
703541,
703324,
707491,0
701595,
726629,
727884,
702086,0
719333,
703597,0
717116,
732848,0
723745,
715289,1
721218,
705621,0
715534,0
723945,0
724082,
704064,
730530,0
708826,
723749,
721995,
729704,
703519,1
723271,
723689,
727896,0
715648,1
719924,
728167,0
702798,0
720393,
727999,
709582,
729003,
711418,
703013,0
731480,
718093,
724828,0
717878,0
707421,
717885,
713259,
722389,0
701784,
726739,
708233,
719276,1
719141,
712781,
715546,
730364,0
709729,
730788,
712682,0
721806,
728527,
719688,0
712241,
714736,
702130,
712641,
718602,
704811,0
705763,
727514,
717028,0
727237,0
722469,
701506,
721093,
713799,
718801,0
707773,0
711174,
712696,1
712757,0
702250,
720429,
717696,0
711486,
702586,1
711011,0
712571,0
732320,0
718316,0
727512,0
718224,0
724831,0
702072,0
726887,
712353,
722533,1
701866,
702255,
731072,
717860,0
701537,0
728185,0
720784,0
717384,0
729605,0
731241,
716800,
711558,0
705725,
703629,
724155,
709484,0
703022,0
716247,0
726224,
718028,0
705017,
701982,
728629,
728778,
705652,0
730665,
731009,
714777,0
708312,
732246,
708245,
723690,
717959,
712070,0
723080,
706385,
709714,
729344,0
712603,
729106,0
727717,0
731340,0
708619,0
700998,
700589,0
724523,0
717225,0
712174,
702154,0
714081,
703592,
713767,
707749,0
713148,
727113,
723626,
716870,
727151,
729007,
717344,
727112,1
716749,
700910,
726049,
722730,
708942,0
721763,1
721110,
709893,0
722361,
704089,1
728119,
710464,0
703972,
728878,
724417,0
719000,0
724125,0
729161,1
721487,
732654,
729849,
715888,0
728093,0
727881,
724461,
701003,
722558,1
704841,
714716,0
704019,1
722945,
733177,
721938,
714105,
718365,0
706258,
732893,
726884,
708843,
727899,
724493,
715552,
721466,
709813,0
717907,
724343,
717539,
719353,
728797,0
716280,0
727447,
721925,
702721,0
728970,1
703046,
715265,
716938,
709487,
712672,0
726110,
704077,
729582,
707492,1
729755,
701074,
727042,1
716187,
709431,1
724216,
732232,0
700736,
717034,
722227,
711446,
724490,0
712324,
720252,
728397,0
703499,
730407,
715978,
727686,0
716292,
714440,0
718134,0
731305,
707289,0
728671,
731225,
712292,
712772,
715186,
716884,0
713644,
702667,
721739,
712854,
711628,1
730817,
725613,0
701726,
713977,
714360,
714199,
707361,
720395,0
706414,
701837,
702193,1
729179,
716096,0
708663,
707661,1
719106,0
727603,1
708475,
701322,1
727232,0
714712,
717892,0
713896,
714780,
724046,
705811,
716829,
724813,
707050,0
724783,1
721965,0
731037,
721145,1
709721,
731814,
707520,
718349,
729700,
710443,0
731810,0
732318,
731664,
717418,1
709738,
717948,
707200,
709589,
716267,0
700683,
727771,
723201,
716743,
717990,
723530,
714018,
702747,
703475,
722105,
720913,
707694,
721790,
715404,
728994,
719524,
719400,
713914,
707834,
716152,
701754,
724956,
723871,
709177,
730614,
724776,
715239,
732752,
723500,
729777,
703800,
702099,
703266,
722970,
703603,
722174,
709549,
709368,
701721,
707782,
701539,
721748,
724156,
700484,
723779,
722836,
706391,
725186,
725155,
730927,
731073,
708481,
727993,
732997,
723312,
710290,
705205,
704149,
728804,
713997,
711698,
712517,
712224,
730629,
713967,
719014,
717083,
721689,
731090,
711172,
701073,
729661,
724992,
726274,
712133,
701144,
720450,
731607,
711017,
728000,
700822,
724976,
717282,
718668,
720375,
710872,
724118,
728681,
709397,
700118,
717695,
707881,
731471,
727048,
724135,
727797,
714275,
714791,
731747,
704734,
710157,
721373,0
719205,
712751,
730278,
729434,
732989,
722074,
703681,
702726,
710363,
715117,
712915,
731046,
721128,
719299,
719809,1
727607,
701080,
716754,
707092,
731584,
706431,
701423,
700974,
700492,
718949,
700270,
732255,
705312,
712739,
701142,
729405,
732683,
732549,
724183,
717683,
726815,
732461,
710845,
722151,
723162,
725441,
703209,
728540,
722075,
708678,
710150,
705863,
705876,
715283,
726787,
727561,
703533,
706064,
700319,
700811,
730436,
716003,
721306,
723060,
702110,
728495,
700372,
724926,
712731,
727688,
733026,
723526,
715741,
730127,
712676,
722549,
725683,
709450,
718194,
703314,
714484,
723985,
716498,
713358,
727264,
725174,
722476,
704269,
709009,
726459,
727341,
708060,
705720,
713264,
709148,
719681,
701192,
705426,
706694,
702083,
714896,
728292,
718359,
729788,
712434,
730482,
730919,
730863,
716020,
723158,
713616,
728395,
709673,
724608,
707490,
730007,
723547,
702441,
709011,
700307,
704657,
727760,
729447,
709894,
728655,
711399,
723721,
722671,
707121,
703367,
715713,
707217,
706802,
718479,
731178,
725548,
726136,
701662,
726584,
727293,
722591,
715341,
714429,
716809,
720715,
707703,
704553,
707205,
712507,
724720,
709773,
700664,
702531,
718877,
720869,
725187,
716332,
724381,
706377,
706372,
711881,
705252,
725432,
703537,
708374,
722445,
706756,
726261,
700477,
707346,
731430,
700703,
706094,
730604,
714059,
730565,
723088,
712226,
707903,
701621,
722704,
709538,
729214,
729282,
718733,
728521,
723789,
725780,
727582,
719399,
732103,
732905,
730814,
728249,
725794,
701924,
707775,
717469,
710178,
718443,
706772,
715141,
708286,
727959,
730379,
730753,
719969,
731160,
703591,
731767,
711758,
729304,
714606,
727357,
719187,
732462,
718003,
712424,
732742,
731294,
708944,
714724,
730512,
708698,
713812,
723249,
733183,
706877,
721662,
710761,
731234,
705350,
702860,
703308,
713055,
730093,
719393,
710574,
708099,
710244,
728983,
721287,
722552,
700420,
708178,
711207,
720146,
707038,
702084,
712221,
726483,
709130,
715784,
727044,
715758,
729592,
717938,
705318,
709485,
713570,
710931,
713562,
705917,
708302,
728375,
732411,
704341,
706504,0
702833,
700991,
712171,
718980,
721046,
708340,
718409,
727323,
710250,
701576,
723244,
700154,
714141,
706965,
714965,
709018,
726577,
701604,
705592,
727982,
713807,
706136,
707368,
719013,
709065,
702815,
711537,
719689,
723221,
721881,
709383,
718212,
723880,
709337,
701675,
730184,
718648,
700474,
714969,
715228,
730426,
722766,
726493,
708259,
722849,
704039,
728887,
715702,
730201,
713072,
711776,
708097,
715838,
709032,
725020,
717685,
706973,
721668,
723204,
720074,
729492,
703298,
722777,
714767,
726809,
731620,
705018,
710710,
716480,
706627,
702740,
714336,
708054,
728689,
720809,
703554,
707677,
720122,
704374,
707501,
707753,
702535,
708531,
715597,
712158,
720412,
702122,
704977,
718360,
719896,
709772,
719409,
718984,
717577,
703213,
717820,
702913,
711012,
711627,
726578,
723028,
700769,
721799,
705057,
714052,
714583,
716004,
726256,
707420,
728520,
710757,
720078,
729556,
730672,
708602,
720125,
707255,
712017,
713217,
720560,
717436,
704616,
728241,
712957,
710780,
717221,
704869,
716333,
716012,
727818,
717772,
729898,
720512,
722950,
718094,
724913,
700758,
718993,
722019,
728374,
729031,
732162,
726301,
728777,
703073,
703428,
708019,
715225,
711406,
720805,
705906,
701865,
715023,
720423,
706202,
711895,
708700,
710191,
714607,
712140,
725311,
713152,
701887,
722527,
722778,
720623,
713509,
730118,
717890,
705653,
713732,
709703,
731729,
710040,
713733,
722368,
723357,
725385,
706523,
726462,
701136,
705761,
701722,
705676,
716083,
713429,
705962,
707893,
704779,
716286,
723535,
705480,
707896,
717429,
711664,
704472,
713676,
721963,
705779,
708126,
715772,
728541,
730259,
708990,
716414,
705462,
701925,
703925,
708273,
726899,
705731,
720253,
714913,
711344,
700552,
714468,
727892,
721210,
704028,
706646,
719550,
703173,
715356,
726103,
705825,
723120,
703929,
730370,
715308,
704088,1
730959,
722573,
701702,
703190,
728488,
701213,0
708651,
721026,
730518,1
706457,
730663,
725941,
717657,
715123,
730366,
720233,
707601,
703508,
729984,
713442,
724134,
727902,
701077,
720515,
721087,
731312,
717371,
719526,
706765,
732707,
701745,
729050,
701663,
704442,
732799,
711215,
730908,
723861,
710756,
727374,
715576,
701742,
717894,
723842,
702134,
718536,
710573,
700487,
705893,
729026,
715731,
721164,
708530,
702316,
713984,
724374,
718084,
707954,
710818,
723667,
730065,
733001,
721484,
705729,
705390,
709657,
703854,
704962,
716496,
727491,
719552,
724807,
700322,
703417,
709562,
729783,
712110,
714752,
706361,
711160,
724107,
720432,
712338,
723368,
707282,
733117,
709111,
716598,
716621,
716274,
723435,
703784,
711421,
713316,
722732,
729159,
732480,
707393,
722468,
715240,
725524,
704307,
703477,
711734,
719819,
712877,
706809,
718131,
705548,
708121,
704955,
725750,
708896,
719438,
711507,
719834,
709353,
711536,
729877,
706038,
731655,
730709,
700179,
720077,
724872,
729001,
709467,
704845,
706460,
709923,0
732177,
732357,
725642,
711143,
727660,
716535,
722952,
724300,
721708,
712254,
732346,
731617,
707486,
705016,
727995,
727301,
722412,
709029,
718786,
723696,
703987,
723849,
708718,
707131,
722242,
723548,
721277,
702339,
728092,
711522,
704803,
721342,
727619,
716510,
731138,
706092,
702356,
706706,
721478,
722672,
710589,
702180,
714995,
722403,
715775,
713946,
709256,
710811,
709113,
724966,
715216,
721833,
725964,
705828,
711903,
717372,
719609,
704810,
727711,
718572,
711138,
729158,
708471,
727545,
721740,
723304,
732025,
707401,
722452,
715847,
706167,
713418,
705908,
730425,
717461,
714559,
705517,
721999,
707418,
708724,
722574,
715846,
704653,
703561,
730983,
720040,
720041,
728641,
718825,
726704,
701670,
719655,
709983,
733114,
728792,
704985,
714004,
715503,
705970,
714616,
721802,
727087,
722460,
709712,
724712,
713230,
714787,
711711,
709214,
711154,
712382,1
730502,
730321,
718389,
727391,
710446,
725402,
720059,
703231,
724373,
731055,
723851,
726104,
702007,
722486,
728715,
716346,
709652,
719202,
700061,
721888,
717117,
701636,
706803,
730302,
702240,
709298,
724080,
708994,
715130,
714202,
715951,
726178,
701167,
704320,
704234,
725218,
706517,
726253,
727061,
727585,
714058,
700642,
726288,
728050,
728879,
709413,
717035,
728710,
725584,
731610,
733070,
705495,
730319,
703938,
703448,
703538,
725625,
714827,
706794,
730903,
726415,
718136,
707102,
715467,
725952,
705979,
724264,
732745,
722667,
728745,
710906,
713069,
714929,
713487,
702051,
705091,
701007,
728917,
726135,
706533,
723316,
726007,
730497,
708350,
731893,
723814,
727429,
730213,
707692,
713041,
707351,
703033,
726341,
700371,
727806,
700739,
702599,
727898,
713815,
728442,
711909,
728199,
713744,
711735,
705859,
722823,
728781,
730088,
708819,
702061,
729636,
702558,
725343,
717599,
715523,
715199,
726910,
716435,
715776,
715271,
709751,
706842,
720234,
720856,
728342,
720677,
725650,
710575,
725796,
728631,
713357,
729935,
706801,
729457,
712708,
727242,
713299,
702604,
714408,
727140,
704141,
702342,
701691,
728964,
703128,
718728,
732644,
720985,
709933,
719005,
713048,
706342,
704645,
710611,
701134,
705458,
714274,
730922,
725647,
713563,
727421,
721498,
723541,
721472,
722540,
700827,
706395,
723532,
720909,
712807,
730823,
701658,
726967,
724521,
701735,
701274,
708049,
711896,
717425,
726738,
730913,
710379,
726497,
730025,
726011,
725908,
716000,
710515,
720933,
713142,
704605,
708605,
711349,
709831,
703706,
712445,
708138,
724696,
733061,
708096,
706894,
